{
  "properties": {
    "connectionReferences": {},
    "definition": {
      "$schema": "https://schema.management.azure.com/providers/Microsoft.Logic/schemas/2016-06-01/workflowdefinition.json#",
      "contentVersion": "1.0.0.0",
      "parameters": {
        "$authentication": {
          "defaultValue": {},
          "type": "SecureObject"
        }
      },
      "triggers": {
        "manual": {
          "metadata": {
            "operationMetadataId": "a4436cf2-4694-4c0d-b678-02e575b40a5e"
          },
          "type": "Request",
          "kind": "PowerAppV2",
          "inputs": {
            "schema": {
              "type": "object",
              "properties": {},
              "required": []
            }
          }
        }
      },
      "actions": {
        "targetTimes_N2.jsonを取得": {
          "runAfter": {},
          "metadata": {
            "operationMetadataId": "ff52832a-f5c9-4a42-ad3f-633902033e63"
          },
          "type": "Http",
          "inputs": {
            "method": "GET",
            "uri": "https://www.jma.go.jp/bosai/jmatile/data/nowc/targetTimes_N2.json"
          }
        },
        "応答": {
          "runAfter": {
            "targetTimes_N2.jsonを取得": [
              "Succeeded"
            ]
          },
          "metadata": {
            "operationMetadataId": "7937f579-a66b-4824-bbf8-377fd6dd29ea"
          },
          "type": "Response",
          "kind": "Http",
          "inputs": {
            "statusCode": 200,
            "body": "@body('targetTimes_N2.jsonを取得')",
            "schema": {
              "type": "array",
              "items": {
                "type": "object",
                "properties": {
                  "basetime": {
                    "type": "string"
                  },
                  "validtime": {
                    "type": "string"
                  },
                  "elements": {
                    "type": "array",
                    "items": {
                      "type": "string"
                    }
                  }
                },
                "required": [
                  "basetime",
                  "validtime",
                  "elements"
                ]
              }
            }
          }
        }
      }
    },
    "templateName": null
  },
  "schemaVersion": "1.0.0.0"
}